Actual,Predicted
247.83,229.96732
230.0,230.27847
234.78,230.32785
251.44,244.97612
223.22,226.04076
250.0,232.9097
230.0,231.61505
