Actual,Predicted
230.0,233.08105
230.5,230.34479
232.5,232.52347
223.89,222.22015
280.0,232.32706
220.0,236.91522
223.14,231.5162
