Actual,Predicted
38.72,37.367077
31.0,28.228659
38.72,39.07138
42.0,48.20249
37.83,32.759083
38.0,42.159893
31.0,34.9461
